{
  "routes": {
    "2": {
      "0": [36.1456093, -5.3532364],
      "1": [36.1464198, -5.3509711],
      "2": [36.1437340, -5.3542726],
      "3": [36.1409864, -5.3547372],
      "4": [36.1381433, -5.3547136],
      "5": [36.1348876, -5.3531842],
      "6": [36.1337352, -5.3521583],
      "7": [36.1314151, -5.3502512],
      "8": [36.1294154, -5.3495881],
      "9": [36.1283632, -5.3495427],
      "10": [36.1229745, -5.3494673],
      "11": [36.1210614, -5.3479117],
      "12": [36.1184149, -5.3483374],
      "13": [36.1165185, -5.3484699],
      "14": [36.1137801, -5.348833],
      "15": [36.1116118, -5.3460205],
      "16": [36.1104671, -5.3453924],
      "17": [36.1116118, -5.3460205],
      "18": [36.1156189, -5.3479831],
      "19": [36.1189294, -5.3474799],
      "20": [36.1212306, -5.3478771],
      "21": [36.1240881, -5.3494245],
      "22": [36.1287835, -5.3494033],
      "23": [36.1345973, -5.3523293],
      "24": [36.1368855, -5.3530699],
      "25": [36.1398017, -5.3545988],
      "26": [36.1437751, -5.3540647]
    },
    "3": {
      "0": [36.1241661, -5.35164],
      "1": [36.1250652, -5.3515515],
      "2": [36.1224568, -5.3524715],
      "3": [36.1228714, -5.3522647],
      "4": [36.1241378, -5.3535173],
      "5": [36.1260152, -5.3523576],
      "6": [36.1293429, -5.3520894],
      "7": [36.1318621, -5.3527596],
      "8": [36.1343958, -5.3518908],
      "9": [36.1356609, -5.3543169],
      "10": [36.1374862, -5.3551041],
      "11": [36.1401036, -5.3570634],
      "12": [36.1421119, -5.3580988],
      "13": [36.1437794, -5.3580753],
      "14": [36.1446097, -5.3582579],
      "15": [36.14657, -5.3594089],
      "16": [36.1462424, -5.3547528],
      "17": [36.1464198, -5.3509711],
      "18": [36.1471258, -5.349867],
      "19": [36.1478254, -5.349745],
      "20": [36.1468898, -5.3518537],
      "21": [36.1460863, -5.3542302],
      "22": [36.147953, -5.358198],
      "23": [36.1471908, -5.3594834],
      "24": [36.1437408, -5.3584556],
      "25": [36.1423513, -5.358248],
      "26": [36.1404224, -5.3573468],
      "27": [36.1385438, -5.3558032],
      "28": [36.1358721, -5.3545996],
      "29": [36.1337352, -5.3521583],
      "30": [36.1314151, -5.3502512],
      "31": [36.1294154, -5.3495881],
      "32": [36.1284924, -5.3495945],
      "33": [36.1258374, -5.3506379],
      "34": [36.1250652, -5.3515515]
    }
  }
}
